Year,No.,Round,Pick,Player,Name,Team,College
2023,1,1,8,8,Bijan Robinson,Falcons,Texas
2023,2,1,12,12,Jahmyr Gibbs,Lions,Alabama
2023,3,2,21,52,Zach Charbonnet,Seahawks,UCLA
2023,4,3,8,71,Kendre Miller,Saints,Texas Christian
2023,5,3,18,81,Tyjae Spears,Titans,Tulane
2023,6,3,21,84,De'Von Achane,Dolphins,Texas A&M
2023,7,3,25,88,Tank Bigsby,Jaguars,Auburn
2023,8,4,13,115,Roschon Johnson,Bears,Texas
2023,9,5,8,143,Israel Abanikanda,Jets,Pittsburgh
2023,10,5,28,163,Chase Brown,Bengals,Illinois
2023,11,5,37,172,Eric Gray,Giants,Oklahoma
2023,12,5,41,176,Evan Hull,Colts,Northwestern
2023,13,6,16,193,Chris Rodriguez,Commanders,Kentucky
2023,14,6,35,212,Deuce Vaughn,Cowboys,Kansas State
2023,15,6,38,215,Zach Evans,Rams,Mississippi
2023,16,7,5,222,DeWayne McBride,Vikings,Alabama-Birmingham
2023,17,7,18,235,Lew Nichols,Packers,Central Michigan
2023,18,7,20,237,Kenny McIntosh,Seahawks,Georgia
2022,1,2,4,36,Breece Hall,Jets,Iowa State
2022,2,2,9,41,Kenneth Walker,Seahawks,Michigan State
2022,3,2,31,63,James Cook,Bills,Georgia
2022,4,3,27,91,Rachaad White,Buccaneers,Arizona State
2022,5,3,29,93,Tyrion Davis-Price,49ers,Louisiana State
2022,6,3,34,98,Brian Robinson,Commanders,Alabama
2022,7,4,2,107,Dameon Pierce,Texans,Florida
2022,8,4,17,122,Zamir White,Raiders,Georgia
2022,9,4,18,123,Isaiah Spiller,Chargers,Texas A&M
2022,10,4,22,127,Pierre Strong,Patriots,South Dakota State
2022,11,4,26,131,Hassan Haskins,Titans,Michigan
2022,12,5,8,151,Tyler Allgeier,Falcons,Brigham Young
2022,13,5,11,154,Snoop Conner,Jaguars,Mississippi
2022,14,5,13,156,Jerome Ford,Browns,Cincinnati
2022,15,5,21,164,Kyren Williams,Rams,Notre Dame
2022,16,5,26,169,Ty Chandler,Vikings,North Carolina
2022,17,6,4,183,Kevin Harris,Patriots,South Carolina
2022,18,6,17,196,Tyler Badie,Ravens,Missouri
2022,19,6,22,201,Keaontay Ingram,Cardinals,USC
2022,20,6,24,203,Trestan Ebner,Bears,Baylor
2022,21,6,29,208,Connor Heyward,Steelers,Michigan State
2022,22,7,29,250,Brittain Brown,Raiders,UCLA
2022,23,7,30,251,Isaih Pacheco,Chiefs,Rutgers
2022,24,7,39,260,Zander Horvath,Chargers,Purdue
2021,1,1,24,24,Najee Harris,Steelers,Alabama
2021,2,1,25,25,Travis Etienne,Jaguars,Clemson
2021,3,2,3,35,Javonte Williams,Broncos,North Carolina
2021,4,3,24,88,Trey Sermon,49ers,Ohio State
2021,5,4,2,107,Michael Carter,Jets,North Carolina
2021,6,4,14,119,Kene Nwangwu,Vikings,Iowa State
2021,7,4,15,120,Rhamondre Stevenson,Patriots,Oklahoma
2021,8,4,21,126,Chuba Hubbard,Panthers,Oklahoma State
2021,9,5,6,150,Kenneth Gainwell,Eagles,Memphis
2021,10,5,40,184,Ben Mason,Ravens,Michigan
2021,11,6,10,194,Elijah Mitchell,49ers,Louisiana-Lafayette
2021,12,6,12,196,Gary Brightwell,Giants,Arizona
2021,13,6,14,198,Larry Rountree,Chargers,Missouri
2021,14,6,18,202,Chris Evans,Bengals,Michigan
2021,15,6,27,211,Demetric Felton,Browns,UCLA
2021,16,6,33,217,Khalil Herbert,Bears,Virginia Tech
2021,17,7,5,233,Jake Funk,Rams,Maryland
2021,18,7,17,244,Gerrid Doaks,Dolphins,Cincinnati
2021,19,7,29,256,Kylin Hill,Packers,Mississippi State
2021,20,7,30,257,Jermar Jefferson,Lions,Oregon State
2020,1,1,32,32,Clyde Edwards-Helaire,Chiefs,Louisiana State
2020,2,2,3,35,D'Andre Swift,Lions,Georgia
2020,3,2,9,41,Jonathan Taylor,Colts,Wisconsin
2020,4,2,20,52,Cam Akers,Rams,Florida State
2020,5,2,23,55,J.K. Dobbins,Ravens,Ohio State
2020,6,2,30,62,AJ Dillon,Packers,Boston College
2020,7,3,12,76,Ke'Shawn Vaughn,Buccaneers,Vanderbilt
2020,8,3,22,86,Zack Moss,Bills,Utah
2020,9,3,29,93,Darrynton Evans,Titans,Appalachian State
2020,10,4,6,112,Joshua Kelley,Chargers,UCLA
2020,11,4,14,120,Lamical Perine,Jets,Florida
2020,12,4,18,124,Anthony McFarland,Steelers,Maryland
2020,13,4,38,144,DeeJay Dallas,Seahawks,Miami (FL)
2020,14,5,26,172,Jason Huntley,Lions,New Mexico State
2020,15,7,8,222,Eno Benjamin,Cardinals,Arizona State
2020,16,7,31,245,Raymond Calais,Buccaneers,Louisiana-Lafayette
2019,1,1,24,24,Josh Jacobs,Raiders,Alabama
2019,2,2,21,53,Miles Sanders,Eagles,Penn State
2019,3,3,6,70,Darrell Henderson,Rams,Memphis
2019,4,3,9,73,David Montgomery,Bears,Iowa State
2019,5,3,10,74,Devin Singletary,Bills,Florida Atlantic
2019,6,3,23,87,Damien Harris,Patriots,Alabama
2019,7,3,38,102,Alexander Mattison,Vikings,Boise State
2019,8,4,10,112,Bryce Love,Redskins,Stanford
2019,9,4,11,113,Justice Hill,Ravens,Oklahoma State
2019,10,4,20,122,Benny Snell,Steelers,Kentucky
2019,11,4,26,128,Tony Pollard,Cowboys,Memphis
2019,12,5,2,140,Ryquell Armstead,Jaguars,Temple
2019,13,5,14,152,Qadree Ollison,Falcons,Pittsburgh
2019,14,5,16,154,Jordan Scarlett,Panthers,Florida
2019,15,6,9,182,Trayveon Williams,Bengals,Texas A&M
2019,16,6,13,186,Ty Johnson,Lions,Maryland
2019,17,6,21,194,Dexter Williams,Packers,Notre Dame
2019,18,6,31,204,Travis Homer,Seahawks,Miami (FL)
2019,19,6,38,211,Rodney Anderson,Bengals,Oklahoma
2019,20,6,41,214,Darwin Thompson,Chiefs,Utah State
2019,21,7,4,218,Mike Weber,Cowboys,Ohio State
2019,22,7,6,220,Cullen Gillaspia,Texans,Texas A&M
2019,23,7,8,222,Kerrith Whyte,Bears,Florida Atlantic
2019,24,7,19,233,Chandler Cox,Dolphins,Auburn
2019,25,7,20,234,Myles Gaskin,Dolphins,Washington
2018,1,1,2,2,Saquon Barkley,Giants,Penn State
2018,2,1,27,27,Rashaad Penny,Seahawks,San Diego State
2018,3,1,31,31,Sony Michel,Patriots,Georgia
2018,4,2,3,35,Nick Chubb,Browns,Georgia
2018,5,2,6,38,Ronald Jones,Buccaneers,USC
2018,6,2,11,43,Kerryon Johnson,Lions,Auburn
2018,7,2,27,59,Derrius Guice,Redskins,Louisiana State
2018,8,3,7,71,Royce Freeman,Broncos,Oregon
2018,9,4,4,104,Nyheim Hines,Colts,North Carolina State
2018,10,4,12,112,Mark Walton,Bengals,Miami (FL)
2018,11,4,26,126,Ito Smith,Falcons,Southern Mississippi
2018,12,4,31,131,Kalen Ballage,Dolphins,Arizona State
2018,13,4,34,134,Chase Edmonds,Cardinals,Fordham
2018,14,5,32,169,Jordan Wilkins,Colts,Mississippi
2018,15,6,2,176,John Kelly,Rams,Tennessee
2018,16,6,27,201,Boston Scott,Saints,Louisiana Tech
2018,17,6,30,204,Trenton Cannon,Jets,Virginia State
2018,18,7,8,226,David Williams,Broncos,Arkansas
2018,19,7,18,236,Bo Scarbrough,Cowboys,Alabama
2018,20,7,19,237,Nick Bawdon,Lions,San Diego State
2018,21,7,33,251,Justin Jackson,Chargers,Northwestern
2017,1,1,4,4,Leonard Fournette,Jaguars,Louisiana State
2017,2,1,8,8,Christian McCaffrey,Panthers,Stanford
2017,3,2,9,41,Dalvin Cook,Vikings,Florida State
2017,4,2,16,48,Joe Mixon,Bengals,Oklahoma
2017,5,3,3,67,Alvin Kamara,Saints,Tennessee
2017,6,3,22,86,Kareem Hunt,Chiefs,Toledo
2017,7,3,25,89,D'Onta Foreman,Texans,Texas
2017,8,3,41,105,James Conner,Steelers,Pittsburgh
2017,9,4,7,114,Samaje Perine,Redskins,Oklahoma
2017,10,4,13,119,Tarik Cohen,Bears,North Carolina A&T
2017,11,4,15,121,Joe Williams,49ers,Utah
2017,12,4,26,132,Donnel Pumphrey,Eagles,San Diego State
2017,13,4,28,134,Jamaal Williams,Packers,Brigham Young
2017,14,4,34,140,Wayne Gallman,Giants,Clemson
2017,15,4,37,143,Marlon Mack,Colts,South Florida
2017,16,5,12,156,Brian Hill,Falcons,Wyoming
2017,17,5,18,162,Jeremy McNichols,Buccaneers,Boise State
2017,18,5,36,179,T.J. Logan,Cardinals,North Carolina
2017,19,5,39,182,Aaron Jones,Packers,Texas-El Paso
2017,20,6,4,188,Elijah McGuire,Jets,Louisiana-Lafayette
2017,21,6,8,192,Alex Armah,Panthers,West Georgia
2017,22,6,19,203,De'Angelo Henderson,Broncos,Coastal Carolina
2017,23,6,22,206,Sam Rogers,Rams,Virginia Tech
2017,24,6,23,207,Brandon Wilson,Bengals,Houston
2017,25,7,20,238,Devante Mays,Packers,Utah State
2017,26,7,22,240,Marquez Williams,Jaguars,Miami (OH)
2017,27,7,23,241,Khalfani Muhammad,Titans,California
2017,28,7,24,242,Elijah Hood,Raiders,North Carolina
2017,29,7,31,249,Chris Carson,Seahawks,Oklahoma State
2017,30,7,34,252,Matthew Dayes,Browns,North Carolina State
2016,1,1,4,4,Ezekiel Elliott,Cowboys,Ohio State
2016,2,2,14,45,Derrick Henry,Titans,Alabama
2016,3,3,10,73,Kenyan Drake,Dolphins,Alabama
2016,4,3,27,90,C.J. Prosise,Seahawks,Notre Dame
2016,5,4,21,119,Tyler Ervin,Texans,San Jose State
2016,6,4,36,134,Kenneth Dixon,Ravens,Louisiana Tech
2016,7,4,38,136,Devontae Booker,Broncos,Utah
2016,8,5,4,143,DeAndre Washington,Raiders,Texas Tech
2016,9,5,10,149,Paul Perkins,Giants,UCLA
2016,10,5,11,150,Jordan Howard,Bears,Indiana
2016,11,5,14,153,Wendell Smallwood,Eagles,West Virginia
2016,12,5,18,156,Jonathan Williams,Bills,Arkansas
2016,13,5,34,171,Alex Collins,Seahawks,Arkansas
2016,14,6,1,176,Andy Janovich,Broncos,Nebraska
2016,15,6,7,182,Keenan Reynolds,Ravens,Navy
2016,16,6,22,197,Dan Vitale,Buccaneers,Northwestern
2016,17,6,23,198,Derek Watt,Chargers,Wisconsin
2016,18,6,36,211,Kelvin Taylor,49ers,Florida
2016,19,6,41,216,Darius Jackson,Cowboys,Eastern Michigan
2016,20,7,15,236,Dwayne Washington,Lions,Washington
2016,21,7,16,237,Daniel Lasco,Saints,California
2016,22,7,21,242,Keith Marshall,Redskins,Georgia
2016,23,7,26,247,Zac Brooks,Seahawks,Clemson
2015,1,1,10,10,Todd Gurley,Rams,Georgia
2015,2,1,15,15,Melvin Gordon,Chargers,Wisconsin
2015,3,2,4,36,T.J. Yeldon,Jaguars,Alabama
2015,4,2,22,54,Ameer Abdullah,Lions,Nebraska
2015,5,3,9,73,Tevin Coleman,Falcons,Indiana
2015,6,3,13,77,Duke Johnson,Browns,Miami (FL)
2015,7,3,22,86,David Johnson,Cardinals,Northern Iowa
2015,8,3,31,95,Matt Jones,Redskins,Florida
2015,9,4,7,106,Jeremy Langford,Bears,Michigan State
2015,10,4,9,108,Jalston Fowler,Titans,Alabama
2015,11,4,26,125,Javorius Allen,Ravens,USC
2015,12,4,27,126,Mike Davis,49ers,South Carolina
2015,13,5,2,138,David Cobb,Titans,Minnesota
2015,14,5,13,149,Jay Ajayi,Dolphins,Boise State
2015,15,5,19,155,Karlos Williams,Bills,Florida State
2015,16,5,32,168,Michael Burton,Lions,Rutgers
2015,17,5,38,174,Cameron Artis-Payne,Panthers,Auburn
2015,18,6,29,205,Josh Robinson,Colts,Mississippi State
2015,19,6,30,206,Aaron Ripkowski,Packers,Oklahoma
2015,20,7,13,230,Marcus Murphy,Saints,Missouri
2015,21,7,14,231,Joey Iosefa,Buccaneers,Hawaii
2015,22,7,18,235,Kenny Hilliard,Texans,Louisiana State
2014,1,2,22,54,Bishop Sankey,Titans,Washington
2014,2,2,23,55,Jeremy Hill,Bengals,Louisiana State
2014,3,2,25,57,Carlos Hyde,49ers,Ohio State
2014,4,3,5,69,Charles Sims,Buccaneers,West Virginia
2014,5,3,11,75,Tre Mason,Rams,Auburn
2014,6,3,30,94,Terrance West,Browns,Towson
2014,7,3,32,96,Jerick McKinnon,Vikings,Georgia Southern
2014,8,3,33,97,Dri Archer,Steelers,Kent State
2014,9,4,3,103,Devonta Freeman,Falcons,Florida State
2014,10,4,13,113,Andre Williams,Giants,Boston College
2014,11,4,17,117,Ka'Deem Carey,Bears,Arizona
2014,12,4,24,124,De'Anthony Thomas,Chiefs,Oregon
2014,13,4,30,130,James White,Patriots,Wisconsin
2014,14,4,38,138,Lorenzo Taliaferro,Ravens,Coastal Carolina
2014,15,6,5,181,Alfred Blue,Texans,Louisiana State
2014,16,6,10,186,Lache Seastrunk,Redskins,Baylor
2014,17,6,25,201,Marion Grice,Chargers,Arizona State
2014,18,6,28,204,Tyler Gaffney,Panthers,Stanford
2014,19,6,35,211,Jay Prosch,Texans,Auburn
2014,20,7,7,222,Storm Johnson,Jaguars,Central Florida
2014,21,7,12,227,Kiero Small,Seahawks,Arkansas
2014,22,7,30,245,Trey Millard,49ers,Oklahoma
2013,1,2,5,37,Giovani Bernard,Bengals,North Carolina
2013,2,2,16,48,Le'Veon Bell,Steelers,Michigan State
2013,3,2,26,58,Montee Ball,Broncos,Wisconsin
2013,4,2,29,61,Eddie Lacy,Packers,Alabama
2013,5,2,30,62,Christine Michael,Seahawks,Texas A&M
2013,6,3,34,96,Knile Davis,Chiefs,Arkansas
2013,7,4,28,125,Johnathan Franklin,Packers,UCLA
2013,8,4,33,130,Kyle Juszczyk,Ravens,Harvard
2013,9,4,34,131,Marcus Lattimore,49ers,South Carolina
2013,10,5,7,140,Stepfan Taylor,Cardinals,Stanford
2013,11,5,18,151,Joseph Randle,Cowboys,Oklahoma State
2013,12,5,21,154,Chris Thompson,Redskins,Florida State
2013,13,5,27,160,Zac Stacy,Rams,Vanderbilt
2013,14,5,31,164,Mike Gillislee,Dolphins,Florida
2013,15,6,13,181,Latavius Murray,Raiders,Central Florida
2013,16,6,14,182,Kenjon Barner,Panthers,Oregon
2013,17,6,19,187,Andre Ellington,Cardinals,Clemson
2013,18,6,21,189,Mike James,Buccaneers,Miami (FL)
2013,19,6,22,190,Rex Burkhead,Bengals,Nebraska
2013,20,6,26,194,Spencer Ware,Seahawks,Louisiana State
2013,21,6,31,199,Theo Riddick,Lions,Notre Dame
2013,22,6,36,204,Braden Wilson,Chiefs,Kansas State
2013,23,7,9,215,Tommy Bohanon,Jets,Wake Forest
2013,24,7,22,228,Jawan Jamison,Redskins,Rutgers
2013,25,7,24,230,Kerwynn Williams,Colts,Utah State
2013,26,7,47,253,Michael Cox,Giants,Massachusetts
2012,1,1,3,3,Trent Richardson,Browns,Alabama
2012,2,1,31,31,Doug Martin,Buccaneers,Boise State
2012,3,1,32,32,David Wilson,Giants,Virginia Tech
2012,4,2,18,50,Isaiah Pead,Rams,Cincinnati
2012,5,2,29,61,LaMichael James,49ers,Oregon
2012,6,3,4,67,Ronnie Hillman,Broncos,San Diego State
2012,7,3,21,84,Bernard Pierce,Ravens,Temple
2012,8,4,2,97,Lamar Miller,Dolphins,Miami (FL)
2012,9,4,11,106,Robert Turbin,Seahawks,Utah State
2012,10,4,33,128,Rhett Ellison,Vikings,USC
2012,11,5,22,157,Bradie Ewing,Falcons,Wisconsin
2012,12,5,24,159,Chris Rainey,Steelers,Florida
2012,13,5,35,170,Vick Ballard,Colts,Mississippi State
2012,14,6,3,173,Alfred Morris,Redskins,Florida Atlantic
2012,15,6,12,182,Cyrus Gray,Chiefs,Texas A&M
2012,16,6,21,191,Dan Herron,Bengals,Ohio State
2012,17,6,32,202,Terrance Ganaway,Jets,Baylor
2012,18,7,5,212,Michael Smith,Buccaneers,Utah State
2012,19,7,22,229,Bryce Brown,Eagles,Kansas State
2012,20,7,43,250,Edwin Baker,Chargers,Michigan State
2012,21,7,45,252,Daryl Richardson,Rams,Abilene Christian
2011,1,1,28,28,Mark Ingram,Saints,Alabama
2011,2,2,6,38,Ryan Williams,Cardinals,Virginia Tech
2011,3,2,24,56,Shane Vereen,Patriots,California
2011,4,2,25,57,Mikel Leshoure,Lions,Illinois
2011,5,2,30,62,Daniel Thomas,Dolphins,Kansas State
2011,6,3,7,71,Demarco Murray,Cowboys,Oklahoma
2011,7,3,9,73,Stevan Ridley,Patriots,Louisiana State
2011,8,3,32,96,Alex Green,Packers,Hawaii
2011,9,4,8,105,Roy Helu,Redskins,Nebraska
2011,10,4,18,115,Kendall Hunter,49ers,Oklahoma State
2011,11,4,22,119,Delone Carter,Colts,Syracuse
2011,12,4,27,124,Owen Marecic,Browns,Stanford
2011,13,4,28,125,Taiwan Jones,Raiders,Eastern Washington
2011,14,4,29,126,Bilal Powell,Jets,Louisville
2011,15,4,33,130,Jamie Harper,Titans,Clemson
2011,16,5,2,133,Johnny White,Bills,North Carolina
2011,17,5,5,136,Anthony Sherman,Cardinals,Connecticut
2011,18,5,14,145,Jacquizz Rodgers,Falcons,Oregon State
2011,19,5,18,149,Dion Lewis,Eagles,Pittsburgh
2011,20,6,12,177,Evan Royster,Redskins,Penn State
2011,21,6,18,183,Jordan Todman,Chargers,Connecticut
2011,22,6,22,187,Allen Bradford,Buccaneers,USC
2011,23,7,17,220,Shaun Chapas,Cowboys,Georgia
2011,24,7,18,221,Da'Rel Scott,Giants,Maryland
2011,25,7,20,223,Shane Bannon,Chiefs,Yale
2011,26,7,22,225,Anthony Allen,Ravens,Georgia Tech
2011,27,7,29,232,Baron Batch,Steelers,Texas Tech
2011,28,7,37,240,Stanley Havili,Eagles,USC
2011,29,7,43,246,Jay Finlay,Bengals,Baylor
2010,1,1,9,9,C.J. Spiller,Bills,Clemson
2010,2,1,12,12,Ryan Mathews,Chargers,Fresno State
2010,3,1,30,30,Jahvid Best,Lions,California
2010,4,2,4,36,Dexter McCluster,Chiefs,Mississippi
2010,5,2,19,51,Toby Gerhart,Vikings,Stanford
2010,6,2,26,58,Ben Tate,Texans,Auburn
2010,7,2,27,59,Montario Hardesty,Browns,Tennessee
2010,8,4,14,112,Joe McKnight,Jets,USC
2010,9,5,8,139,John Conner,Jets,Kentucky
2010,10,6,4,173,Anthony Dixon,49ers,Mississippi State
2010,11,6,11,180,Deji Karim,Jaguars,Southern Illinois
2010,12,6,19,188,Jonathan Dwyer,Steelers,Georgia Tech
2010,13,6,24,193,James Stark,Packers,Buffalo
2010,14,6,28,197,Trindon Holliday,Texans,Louisiana State
2010,15,6,31,200,Charles Scott,Eagles,Louisiana State
2010,16,7,38,245,Jameson Konz,Seahawks,Kent State
2009,1,1,12,12,Knowshon Moreno,Broncos,Georgia
2009,2,1,27,27,Donald Brown,Colts,Connecticut
2009,3,1,31,31,Beanie Wells,Cardinals,Ohio State
2009,4,2,21,53,LeSean McCoy,Eagles,Pittsburgh
2009,5,3,1,65,Shonn Greene,Jets,Iowa
2009,6,3,10,74,Glen Coffee,49ers,Alabama
2009,7,4,11,111,Mike Goodson,Panthers,Texas A&M
2009,8,4,28,128,Tony Fiammetta,Panthers,Syracuse
2009,9,4,29,129,Andre Brown,Giants,North Carolina State
2009,10,4,34,134,Gartrell Johnson,Chargers,Colorado State
2009,11,5,9,145,Quinn Johnson,Packers,Louisiana State
2009,12,5,33,169,Frank Summers,Steelers,UNLV
2009,13,5,37,173,Javon Ringer,Titans,Michigan State
2009,14,6,12,185,Cedric Peerman,Ravens,Virginia
2009,15,6,19,192,Aaron Brown,Lions,Texas Christian
2009,16,6,22,195,James Davis,Browns,Clemson
2009,17,6,36,209,Bernard Scott,Bengals,Abilene Christian
2009,18,7,2,211,Chris Ogbonnaya,Rams,Texas
2009,19,7,3,212,Javarris Williams,Chiefs,Tennessee State
2009,20,7,6,215,Fui Vakapuna,Bengals,Brigham Young
2009,21,7,31,240,LaRod Stephens-Howling,Cardinals,Pittsburgh
2009,22,7,41,250,Rashad Jennings,Jaguars,Liberty
2008,1,1,4,4,Darren McFadden,Raiders,Arkansas
2008,2,1,13,13,Jonathan Stewart,Panthers,Oregon
2008,3,1,22,22,Felix Jones,Cowboys,Arkansas
2008,4,1,23,23,Rashard Mendenhall,Steelers,Illinois
2008,5,1,24,24,Chris Johnson,Titans,East Carolina
2008,6,2,13,44,Matt Forte,Bears,Tulane
2008,7,2,24,55,Ray Rice,Ravens,Rutgers
2008,8,3,1,64,Kevin Smith,Lions,Central Florida
2008,9,3,6,69,Jacob Hester,Chargers,Louisiana State
2008,10,3,10,73,Jamaal Charles,Chiefs,Texas
2008,11,3,26,89,Steve Slaton,Texans,West Virginia
2008,12,4,23,122,Tashard Choice,Cowboys,Georgia Tech
2008,13,5,4,139,Ryan Torain,Broncos,Arizona State
2008,14,5,11,146,Jerome Felton,Lions,Furman
2008,15,5,14,149,Timothy Hightower,Cardinals,Richmond
2008,16,5,28,163,Owen Schmitt,Seahawks,West Virginia
2008,17,5,31,166,Marcus Thomas,Chargers,Texas-El Paso
2008,18,6,6,172,Thomas Brown,Falcons,Georgia
2008,19,6,10,176,Jalen Parmele,Dolphins,Toledo
2008,20,6,13,179,Xavier Omon,Bills,Northwest Missouri State
2008,21,6,36,202,Mike Hart,Colts,Michigan
2008,22,6,38,204,Lex Hilliard,Dolphins,Montana
2008,23,7,6,213,Chauncey Washington,Jaguars,USC
2008,24,7,20,227,Peyton Hillis,Broncos,Arkansas
2008,25,7,26,233,Justin Forsett,Seahawks,California
2008,26,7,31,238,Cory Boyd,Buccaneers,South Carolina
2008,27,7,33,240,Allen Patrick,Ravens,Oklahoma
2007,1,1,7,7,Adrian Peterson,Vikings,Oklahoma
2007,2,1,12,12,Marshawn Lynch,Bills,California
2007,3,2,17,49,Kenny Irons,Bengals,Auburn
2007,4,2,18,50,Chris Henry,Titans,Arizona
2007,5,2,20,52,Brian Leonard,Rams,Rutgers
2007,6,2,31,63,Brandon Jackson,Packers,Nebraska
2007,7,3,7,71,Lorenzo Booker,Dolphins,Florida State
2007,8,3,27,90,Tony Hunt,Eagles,Penn State
2007,9,3,30,93,Garrett Wolfe,Bears,Northern Illinois
2007,10,4,1,100,Michael Bush,Raiders,Louisville
2007,11,4,8,107,Antonio Pittman,Saints,Ohio State
2007,12,4,12,111,Dwayne Wright,Bills,Fresno State
2007,13,4,38,137,Le'Ron McClain,Ravens,Alabama
2007,14,5,11,148,Kolby Smith,Chiefs,Louisville
2007,15,6,1,175,Oren O'Neal,Raiders,Arkansas State
2007,16,6,7,181,Reagan Maui'a,Dolphins,Hawaii
2007,17,6,12,186,Thomas Clayton,49ers,Kansas State
2007,18,6,21,195,Deon Anderson,Cowboys,Connecticut
2007,19,6,34,208,Justise Hairston,Patriots,Central Connecticut St.
2007,20,7,12,222,Derek Schouman,Bills,Boise State
2007,21,7,18,228,DeShawn Wynn,Packers,Florida
2007,22,7,26,236,Nate Ilaoa,Eagles,Hawaii
2007,23,7,34,244,Jason Snelling,Falcons,Virginia
2007,24,7,36,246,Kenneth Darby,Buccaneers,Alabama
2007,25,7,40,250,Ahmad Bradshaw,Giants,Marshall
2006,1,1,2,2,Reggie Bush,Saints,USC
2006,2,1,21,21,Laurence Maroney,Patriots,Minnesota
2006,3,1,27,27,DeAngelo Williams,Panthers,Memphis
2006,4,1,30,30,Joseph Addai,Colts,Louisiana State
2006,5,2,13,45,LenDale White,Titans,USC
2006,6,2,28,60,Maurice Jones-Drew,Jaguars,UCLA
2006,7,3,10,74,Brian Calhoun,Lions,Wisconsin
2006,8,3,15,79,Jerious Norwood,Falcons,Mississippi State
2006,9,4,3,100,Michael Robinson,49ers,Penn State
2006,10,4,20,117,Leon Washington,Jets,Florida State
2006,11,4,35,132,P.J. Daniels,Ravens,Georgia Tech
2006,12,5,12,145,Jerome Harrison,Browns,Washington State
2006,13,5,31,163,David Kirtman,Seahawks,USC
2006,14,6,1,170,Wali Lundy,Texans,Virginia
2006,15,6,11,180,Lawrence Vickers,Browns,Colorado
2006,16,6,26,195,J.D. Runnels,Bears,Oklahoma
2006,17,7,32,240,Cedric Humes,Steelers,Virginia Tech
2006,18,7,38,246,Quinton Ganther,Titans,Utah
2005,1,1,2,2,Ronnie Brown,Dolphins,Auburn
2005,2,1,4,4,Cedric Benson,Bears,Texas
2005,3,1,5,5,Cadillac Williams,Buccaneers,Auburn
2005,4,2,12,44,J.J. Arrington,Cardinals,California
2005,5,2,22,54,Eric Shelton,Panthers,Louisville
2005,6,3,1,65,Frank Gore,49ers,Miami (FL)
2005,7,3,9,73,Vernand Morency,Texans,Oklahoma State
2005,8,3,13,77,Ryan Moats,Eagles,Louisiana Tech
2005,9,3,37,101,Maurice Clarett,Broncos,Ohio State
2005,10,4,8,109,Marion Barber,Cowboys,Minnesota
2005,11,4,9,110,Brandon Jacobs,Giants,Southern Illinois
2005,12,4,11,112,Ciatrick Fason,Vikings,Florida
2005,13,4,19,120,Manuel White,Redskins,UCLA
2005,14,4,26,127,Alvin Pearman,Jaguars,Virginia
2005,15,4,29,130,Darren Sproles,Chargers,Kansas State
2005,16,5,6,142,Damien Nash,Titans,Missouri
2005,17,5,22,158,Justin Green,Ravens,Montana
2005,18,6,8,182,Cedric Houston,Jets,Tennessee
2005,19,6,27,201,Deandra Cobb,Falcons,Michigan State
2005,20,7,7,221,Rick Razzano,Buccaneers,Mississippi
2005,21,7,8,222,Nehemiah Broughton,Redskins,Citadel
2005,22,7,22,236,Lionel Gates,Bills,Louisville
2005,23,7,29,243,Anthony Davis,Colts,Wisconsin
2005,24,7,30,244,Noah Herron,Steelers,Northwestern
2005,25,7,37,251,Madison Hedgecock,Rams,North Carolina
2004,1,1,24,24,Steven Jackson,Rams,Oregon State
2004,2,1,26,26,Chris Perry,Bengals,Michigan
2004,3,1,30,30,Kevin Jones,Lions,Virginia Tech
2004,4,2,9,41,Tatum Bell,Broncos,Oklahoma State
2004,5,2,11,43,Julius Jones,Cowboys,Notre Dame
2004,6,2,23,55,Greg Jones,Jaguars,Florida State
2004,7,4,23,119,Mewelde Moore,Vikings,Tulane
2004,8,4,32,128,Cedric Cobbs,Patriots,Arkansas
2004,9,5,22,154,Michael Turner,Chargers,Northern Illinois
2004,10,5,24,156,Mike Karney,Saints,Arizona State
2004,11,5,30,162,Thomas Tapeh,Eagles,Minnesota
2004,12,6,26,191,Troy Fleming,Titans,Tennessee
2004,13,7,7,208,Adimchinobe Echemandu,Browns,California
2004,14,7,13,214,Jonathan Smith,Bills,Georgia Tech
2004,15,7,18,219,Quincy Wilson,Falcons,West Virginia
2004,16,7,27,228,Casey Cramer,Buccaneers,Dartmouth
2004,17,7,34,235,Derrick Ward,Jets,Ottawa (KS)
2004,18,7,40,241,Sean McHugh,Titans,Penn State
2004,19,7,41,242,Bruce Perry,Eagles,Maryland
2004,20,7,46,247,Brandon Miree,Broncos,Pittsburgh
2003,1,1,23,23,Willis McGahee,Bills,Miami (FL)
2003,2,1,27,27,Larry Johnson,Chiefs,Penn State
2003,3,3,13,77,Musa Smith,Ravens,Georgia
2003,4,3,21,85,B.J. Askew,Jets,Michigan
2003,5,3,29,93,Chris Brown,Titans,Colorado
2003,6,3,32,96,Justin Fargas,Raiders,USC
2003,7,4,2,99,Artose Pinner,Lions,Kentucky
2003,8,4,4,101,Domanick Davis,Texans,Louisiana State
2003,9,4,8,105,Onterrio Smith,Vikings,Oregon
2003,10,4,11,108,Quentin Griffin,Broncos,Oklahoma
2003,11,4,18,115,Lee Suggs,Browns,Virginia Tech
2003,12,4,21,118,Jeremi Johnson,Bengals,Western Kentucky
2003,13,4,24,121,Justin Griffith,Falcons,Mississippi State
2003,14,4,35,132,LaBrandon Toefield,Jaguars,Louisiana State
2003,15,4,37,134,Ovie Mughelli,Ravens,Wake Forest
2003,16,5,30,165,Chris Davis,Seahawks,Syracuse
2003,17,6,33,206,Brock Forsey,Bears,Boise State
2003,18,7,4,218,Malaefou MacKenzie,Jaguars,USC
2003,19,7,15,229,Andrew Pinnock,Chargers,South Carolina
2003,20,7,21,235,Ahmaad Galloway,Broncos,Alabama
2003,21,7,22,236,Brandon Drumm,Lions,Colorado
2003,22,7,28,242,J.T. Wall,Steelers,Georgia
2003,23,7,33,247,Casey Moore,Panthers,Stanford